level,agent_idx
1.0,0
1.0,1
1.0,2
1.0,3
1.0,4
1.0,5
1.0,6
1.0,7
1.0,8
1.0,9
1.0,10
1.0,11
1.0,12
1.0,13
1.0,14
1.0,15
1.0,16
1.0,17
1.0,18
1.0,19
1.0,20
1.0,21
1.0,22
1.0,23
1.0,24
1.0,25
1.0,26
1.0,27
1.0,28
1.0,29
1.0,30
1.0,31
1.0,32
1.0,33
0.27996283527811877,34
1.0,35
1.0,36
1.0,37
1.0,38
1.0,39
1.0,40
1.0,41
1.0,42
1.0,43
1.0,44
1.0,45
1.0,46
1.0,47
1.0,48
1.0,49
1.0,50
1.0,51
1.0,52
1.0,53
1.0,54
1.0,55
1.0,56
1.0,57
0.2252592880902171,58
1.0,59
1.0,60
1.0,61
1.0,62
1.0,63
1.0,64
1.0,65
1.0,66
1.0,67
1.0,68
1.0,69
1.0,70
1.0,71
1.0,72
1.0,73
1.0,74
1.0,75
1.0,76
1.0,77
1.0,78
1.0,79
1.0,80
1.0,81
1.0,82
1.0,83
1.0,84
1.0,85
1.0,86
1.0,87
1.0,88
1.0,89
1.0,90
1.0,91
1.0,92
1.0,93
1.0,94
1.0,95
1.0,96
1.0,97
1.0,98
1.0,99
1.0,100
1.0,101
1.0,102
1.0,103
1.0,104
1.0,105
1.0,106
0.43827967033174803,107
1.0,108
1.0,109
1.0,110
1.0,111
1.0,112
1.0,113
1.0,114
1.0,115
1.0,116
1.0,117
1.0,118
1.0,119
1.0,120
1.0,121
1.0,122
1.0,123
1.0,124
1.0,125
1.0,126
1.0,127
1.0,128
1.0,129
1.0,130
1.0,131
1.0,132
1.0,133
1.0,134
1.0,135
1.0,136
1.0,137
1.0,138
1.0,139
1.0,140
1.0,141
1.0,142
1.0,143
1.0,144
1.0,145
1.0,146
1.0,147
1.0,148
1.0,149
1.0,150
1.0,151
1.0,152
1.0,153
1.0,154
1.0,155
1.0,156
1.0,157
1.0,158
1.0,159
1.0,160
1.0,161
1.0,162
1.0,163
1.0,164
1.0,165
0.7537729710269057,166
1.0,167
1.0,168
1.0,169
1.0,170
0.31885025820382723,171
1.0,172
0.4361559037590319,173
1.0,174
1.0,175
1.0,176
1.0,177
1.0,178
1.0,179
1.0,180
1.0,181
1.0,182
1.0,183
1.0,184
1.0,185
1.0,186
1.0,187
1.0,188
1.0,189
1.0,190
1.0,191
1.0,192
1.0,193
1.0,194
1.0,195
1.0,196
1.0,197
0.10755084669981003,198
1.0,199
1.0,200
1.0,201
1.0,202
1.0,203
1.0,204
1.0,205
1.0,206
1.0,207
1.0,208
1.0,209
1.0,210
1.0,211
1.0,212
1.0,213
1.0,214
1.0,215
1.0,216
1.0,217
1.0,218
1.0,219
1.0,220
1.0,221
1.0,222
1.0,223
1.0,224
1.0,225
1.0,226
1.0,227
1.0,228
1.0,229
1.0,230
1.0,231
1.0,232
1.0,233
1.0,234
1.0,235
1.0,236
1.0,237
1.0,238
1.0,239
1.0,240
1.0,241
1.0,242
1.0,243
1.0,244
1.0,245
1.0,246
1.0,247
1.0,248
1.0,249
1.0,250
1.0,251
1.0,252
1.0,253
1.0,254
1.0,255
1.0,256
1.0,257
1.0,258
1.0,259
1.0,260
1.0,261
1.0,262
1.0,263
1.0,264
1.0,265
1.0,266
1.0,267
1.0,268
1.0,269
1.0,270
1.0,271
1.0,272
1.0,273
1.0,274
1.0,275
1.0,276
1.0,277
1.0,278
1.0,279
1.0,280
1.0,281
1.0,282
1.0,283
1.0,284
1.0,285
1.0,286
1.0,287
1.0,288
1.0,289
1.0,290
1.0,291
1.0,292
1.0,293
1.0,294
1.0,295
1.0,296
1.0,297
1.0,298
1.0,299
1.0,300
1.0,301
1.0,302
1.0,303
1.0,304
1.0,305
1.0,306
1.0,307
1.0,308
1.0,309
1.0,310
1.0,311
1.0,312
1.0,313
1.0,314
1.0,315
1.0,316
1.0,317
1.0,318
1.0,319
1.0,320
1.0,321
1.0,322
1.0,323
1.0,324
1.0,325
1.0,326
1.0,327
1.0,328
1.0,329
1.0,330
1.0,331
1.0,332
1.0,333
1.0,334
1.0,335
1.0,336
1.0,337
1.0,338
1.0,339
1.0,340
1.0,341
1.0,342
1.0,343
1.0,344
1.0,345
1.0,346
1.0,347
6.894689491926082e-155,348
0.0,349
8.605895862797149e-203,350
9.745145271590561e-147,351
2.0397798798635198e-214,352
3.489917037920652e-20,353
0.0,354
0.0,355
0.0,356
0.0,357
0.0,358
2.5078357506950548e-155,359
3.9287797674021245e-174,360
0.0,361
0.0,362
2.146400845559751e-139,363
1.7031814147483015e-170,364
0.0,365
7.940161051967125e-135,366
8.26519543610911e-166,367
1.3996303843190052e-145,368
0.0,369
8.65557206597882e-96,370
0.0,371
3.861607820058967e-142,372
1.9660623789609514e-59,373
1.2105028023420982e-156,374
1.6512038994060403e-113,375
5.259807499875403e-153,376
0.0,377
3.539762808491838e-193,378
0.0,379
0.0,380
0.0,381
0.0,382
0.0,383
0.0,384
0.0,385
0.0,386
6.333965174099271e-234,387
3.323750777098544e-234,388
3.0098301379211065e-151,389
0.0,390
6.888517453572409e-185,391
9.060574830862454e-238,392
2.7431789216803742e-160,393
6.933675054225155e-104,394
2.0072594499649913e-55,395
1.2507476691599088e-157,396
4.932246423160617e-182,397
2.2329961407569043e-140,398
7.803416166291235e-167,399
2.3641111743379517e-187,400
0.0,401
1.1111769710488821e-185,402
0.0,403
1.5436736802888057e-157,404
0.0,405
0.0,406
0.0,407
2.3928268918383596e-161,408
4.139511970629295e-145,409
0.0,410
0.0,411
4.1517810829498696e-108,412
0.0,413
0.28926346223070826,414
0.0,415
1.5559011092191663e-211,416
9.080356613264416e-255,417
0.0,418
3.815988981903053e-142,419
1.7561123480859003e-123,420
0.0,421
0.3458823533519866,422
5.793066999918311e-179,423
0.0,424
0.0,425
0.0,426
7.78117936670404e-78,427
6.9609072376127934e-99,428
0.0,429
8.690605248155655e-147,430
7.648806128271607e-193,431
5.996641817695624e-190,432
0.0,433
1.088473657114625e-180,434
0.0,435
4.5715704984214474e-187,436
0.0,437
5.676081275696624e-160,438
8.415802602777233e-243,439
7.768027671217653e-197,440
7.562431195937864e-166,441
0.0,442
0.0,443
2.4537342277912765e-184,444
0.0,445
0.0,446
0.0,447
0.0,448
1.860062021587424e-125,449
0.0,450
8.279438035569535e-222,451
0.0,452
0.0,453
0.0,454
1.6277650095400216e-170,455
1.9845617208026071e-227,456
0.0,457
0.0,458
0.0,459
2.41330173505323e-190,460
2.992914488000275e-40,461
0.0,462
0.0,463
5.228624201727296e-68,464
1.724127250064348e-159,465
0.0,466
0.0,467
0.0,468
0.0,469
0.0,470
1.1497770110726848e-228,471
1.0938659351065574e-149,472
0.0,473
6.7058182600809905e-146,474
8.755119766866292e-146,475
3.8339841843415234e-154,476
0.0,477
0.0,478
3.202704730374516e-234,479
1.0895918840596912e-120,480
4.802762254442502e-157,481
4.664613621188207e-230,482
1.1978869803813627e-105,483
0.08936515100212188,484
0.0,485
0.0,486
0.0,487
0.0,488
2.695713327960276e-153,489
0.0,490
0.0,491
3.5839875214802913e-189,492
4.346337939054354e-161,493
9.796208430357408e-125,494
0.0,495
6.723296898707471e-185,496
9.583962368145035e-158,497
0.0,498
0.0,499
8.849384769646536e-203,500
1.386392422440848e-165,501
0.0,502
5.751458078814672e-159,503
1.0044960796477759e-175,504
0.0,505
6.566520205408079e-195,506
2.711805920666786e-172,507
0.0,508
0.0,509
0.0,510
6.332143671855211e-228,511
2.4738808620546927e-140,512
3.3744090019986313e-195,513
2.248355075922398e-195,514
2.460427824180147e-54,515
0.0,516
4.257215446844607e-146,517
0.0,518
0.0,519
1.2561794456643087e-173,520
0.0,521
0.0,522
7.976597664836177e-184,523
8.640998733063971e-141,524
1.27110789155927e-166,525
0.45334977090350675,526
2.782581099143264e-216,527
0.0,528
0.0,529
0.0,530
0.0,531
0.0,532
0.0,533
0.0,534
0.0,535
9.919132651176192e-213,536
7.2579242638116e-210,537
2.4527362389241644e-134,538
0.0,539
0.0,540
0.0,541
7.42455159836149e-186,542
0.0,543
8.678476184131673e-197,544
3.132631173032733e-185,545
3.4205300114939595e-162,546
2.195842070457468e-164,547
0.0,548
1.1826972689472355e-79,549
0.0,550
0.0,551
0.0,552
3.905079857284677e-52,553
0.0,554
3.58561812304816e-171,555
4.331109927241216e-196,556
0.0,557
8.36031377149727e-162,558
1.265136196457388e-159,559
3.908019520753767e-225,560
1.103174851673937e-149,561
0.0,562
1.931047733130572e-28,563
1.2992830516049178e-170,564
0.0,565
1.2988224517036306e-70,566
0.09311289291496873,567
0.0,568
0.0,569
1.3379856734643082e-172,570
0.0,571
0.0,572
1.0,573
0.8570441722902129,574
1.0,575
2.8664338120822726e-153,576
3.681382078466952e-170,577
2.2733610016015127e-174,578
1.0,579
1.4394342975705538e-135,580
3.390335579613614e-75,581
2.5429056015051506e-168,582
7.2597036999509e-176,583
0.8849350533459223,584
1.426247121510117e-46,585
4.219913489116638e-122,586
6.194727987057227e-136,587
1.0,588
1.0,589
0.5956084804516313,590
7.202284877021742e-127,591
1.0,592
3.7721186322972264e-75,593
9.292375457085959e-128,594
1.8386723651262168e-163,595
0.3154781602776161,596
1.0,597
1.0,598
9.209379970920306e-173,599
8.849456562851614e-174,600
1.3788453281822624e-06,601
4.641583513826425e-47,602
1.0,603
6.618191486130333e-129,604
1.0,605
0.0678296077017064,606
9.018367057555541e-47,607
6.738242927160286e-47,608
0.8283765589514372,609
9.620975221099507e-99,610
1.0,611
1.0,612
5.531186454325012e-48,613
3.7565041621128705e-142,614
6.896691957691966e-174,615
1.0,616
1.0,617
1.0,618
1.0,619
0.721451090585052,620
1.0,621
1.0,622
1.0,623
5.028271270958269e-47,624
1.0,625
1.0,626
5.726948726379858e-174,627
1.3089101844588527e-146,628
8.577349018867313e-15,629
0.8766250437574377,630
1.0,631
8.995009500714888e-171,632
1.0,633
8.459337265833084e-154,634
9.248627953461646e-170,635
1.0,636
4.1964760286925554e-29,637
2.038474978732512e-46,638
0.7326419035564711,639
5.939115111446054e-172,640
1.6271182928945549e-55,641
4.1367068199903707e-75,642
9.1684544593222e-174,643
0.8990596739146056,644
1.830722891623544e-158,645
6.281472459908548e-137,646
3.0267674051979947e-165,647
0.9119865822620689,648
9.165794790331112e-34,649
3.990707703957656e-170,650
2.983217407763326e-121,651
2.0068777491948978e-99,652
0.953123025822719,653
0.9293698688786712,654
0.9838215538930477,655
2.133992497033826e-84,656
1.0,657
8.723754157586529e-174,658
7.875779074819226e-174,659
0.9999999913759348,660
7.834622689881322e-174,661
1.1311796524312798e-173,662
0.9999999999994356,663
1.0,664
7.966422550976667e-163,665
0.8672705309462856,666
5.293723520475105e-89,667
6.906369673339586e-47,668
7.82951484461405e-171,669
6.247638311780443e-172,670
8.589111935828709e-103,671
1.0,672
1.2916736571826238e-100,673
6.540985639250286e-47,674
4.428654494499679e-172,675
7.444257800036646e-158,676
1.0,677
0.8955048522592399,678
0.7980519508025523,679
0.9546879704305866,680
2.7569998101624577e-172,681
1.0,682
9.867712443175759e-38,683
1.0,684
1.0,685
1.0,686
1.0,687
1.0,688
1.0,689
1.0,690
1.0,691
1.0,692
1.0,693
1.0,694
1.0,695
1.0,696
1.0,697
0.7668918498574687,698
1.0,699
1.0,700
1.0,701
1.0,702
1.0,703
1.0,704
1.0,705
1.0,706
1.0,707
1.0,708
1.0,709
1.0,710
1.0,711
1.0,712
1.0,713
1.0,714
1.0,715
1.0,716
1.0,717
1.0,718
1.0,719
1.0,720
1.0,721
1.0,722
1.0,723
1.0,724
1.0,725
1.0,726
1.0,727
1.0,728
1.0,729
1.0,730
1.0,731
1.0,732
1.0,733
1.0,734
1.0,735
1.0,736
1.0,737
1.0,738
1.0,739
1.0,740
1.0,741
1.0,742
1.0,743
1.0,744
1.0,745
1.0,746
1.0,747
1.0,748
1.0,749
1.0,750
1.0,751
1.0,752
1.0,753
1.0,754
1.0,755
1.0,756
1.0,757
1.0,758
1.0,759
1.0,760
1.0,761
1.0,762
1.0,763
1.0,764
1.0,765
1.0,766
1.0,767
1.0,768
1.0,769
1.0,770
1.0,771
1.0,772
1.0,773
1.0,774
1.0,775
0.15587576752673035,776
1.0,777
1.0,778
1.0,779
1.0,780
1.0,781
1.0,782
1.0,783
1.0,784
1.0,785
1.0,786
1.0,787
1.0,788
1.0,789
1.0,790
1.0,791
1.0,792
1.0,793
1.0,794
1.0,795
1.0,796
1.0,797
1.0,798
1.0,799
1.0,800
1.0,801
1.0,802
1.0,803
1.0,804
1.0,805
1.0,806
1.0,807
1.0,808
1.0,809
1.0,810
1.0,811
1.0,812
1.0,813
1.0,814
1.0,815
1.0,816
1.0,817
1.0,818
1.0,819
1.0,820
1.0,821
1.0,822
1.0,823
1.0,824
1.0,825
1.0,826
1.0,827
1.0,828
1.0,829
1.0,830
1.0,831
1.0,832
1.0,833
1.0,834
1.0,835
1.0,836
1.0,837
1.0,838
1.0,839
1.0,840
1.0,841
1.0,842
1.0,843
1.0,844
1.0,845
1.0,846
1.0,847
1.0,848
1.0,849
1.0,850
1.0,851
1.0,852
1.0,853
1.0,854
1.0,855
1.0,856
1.0,857
1.3126496895877648e-12,858
0.3115462964292193,859
0.3115462964292193,860
1.0,861
1.0,862
1.0,863
1.0,864
1.0,865
1.6513083867814047e-14,866
3.6937120930230596e-33,867
1.0,868
1.0,869
3.975654994604345e-25,870
0.21411825236167498,871
5.172796195032401e-28,872
4.6331055271720566e-23,873
2.835181562288228e-28,874
1.0,875
1.0,876
0.00020170999268652142,877
1.0,878
1.3111501636467654e-18,879
1.0,880
1.5190046305272737e-25,881
1.0,882
1.0,883
1.0,884
2.086251248953702e-33,885
1.0,886
1.5909184673165559e-21,887
1.0,888
1.0,889
1.0,890
1.0,891
1.0,892
1.0,893
7.4777644601002676e-06,894
2.6108923236522676e-20,895
4.6101501140217154e-179,896
1.0,897
5.95252057589075e-146,898
1.0,899
6.8654436781449136e-71,900
1.0,901
8.503650336684943e-157,902
1.0,903
1.6490920599621373e-36,904
9.39627748585814e-73,905
1.0,906
0.6849701511017006,907
0.11333030199993269,908
2.9876089952702354e-61,909
6.3135110930487975e-71,910
8.421543398158701e-11,911
4.439692990356219e-76,912
0.3219146849926986,913
3.653210836589666e-62,914
3.044212957411049e-22,915
1.0,916
0.06366708640979514,917
2.475886302989697e-10,918
9.819775856903095e-134,919
1.0,920
1.0,921
1.0,922
0.9703612490601644,923
7.233122525905916e-160,924
1.0,925
1.0,926
0.9731621348468744,927
1.5236433050101597e-101,928
1.2541464671117728e-48,929
7.635220144671471e-132,930
5.300013781306605e-104,931
1.0,932
7.828031141482217e-129,933
1.0,934
0.17204442528715305,935
7.318319054501873e-117,936
1.4799422891394848e-79,937
1.0,938
2.14886539809347e-80,939
7.959800337644295e-122,940
2.3633781425528782e-160,941
5.214975611976244e-159,942
2.788399781665686e-111,943
5.665968476234197e-153,944
1.732171656182093e-62,945
1.0,946
1.0,947
4.369618650046765e-80,948
1.1418593570488735e-132,949
0.022748892861090945,950
0.6048200242249442,951
1.0,952
1.0,953
2.0932985132679213e-156,954
4.0106565978904684e-72,955
0.10964010040565621,956
5.1155318842463064e-166,957
1.0,958
1.0,959
1.0,960
0.9999999999998505,961
1.0861032570191511e-113,962
1.0,963
0.03991922202619716,964
2.373228691837371e-118,965
1.0,966
1.0,967
0.3080081316420265,968
1.9907654725013188e-138,969
8.355484413338819e-102,970
5.785786116647115e-141,971
1.0,972
0.9114700301444231,973
1.6430793298780176e-107,974
2.6685814449852598e-160,975
6.373604976809478e-127,976
2.7656002984199753e-143,977
1.0,978
1.3787547109576281e-77,979
1.0,980
4.90154000417924e-155,981
1.0,982
1.0,983
2.8165820094529467e-147,984
2.133470001954281e-89,985
9.239781462885395e-108,986
0.15276016774357695,987
7.781087913240243e-152,988
2.1158931466436057e-146,989
1.2759184979616377e-19,990
0.8039990919953851,991
1.0,992
1.0,993
3.103684832786977e-18,994
1.0,995
0.8602269380455997,996
1.0,997
1.0,998
1.0,999
1.6540391436199582e-122,1000
0.1378611310308209,1001
1.7131106194230272e-52,1002
1.0,1003
1.0,1004
1.756355134414508e-113,1005
1.0,1006
0.06815749748693171,1007
0.45374086809329384,1008
5.856565979640193e-164,1009
8.857847452642317e-152,1010
3.145440620063999e-149,1011
0.13461921799726337,1012
0.08996251626114544,1013
6.807887491969895e-175,1014
1.8074705787171713e-147,1015
1.5906630320517032e-90,1016
1.0,1017
4.073274839008322e-156,1018
1.668373930905248e-150,1019
0.017581966175096855,1020
1.6942499273309957e-83,1021
0.3046117528573863,1022
0.2270524897207708,1023
1.0,1024
0.04554967995561987,1025
1.0,1026
5.734128192537817e-47,1027
1.0,1028
0.9999999999999984,1029
7.432223223259173e-73,1030
7.797522438919832e-18,1031
2.0490515030250573e-86,1032
2.132524296456699e-47,1033
1.0,1034
4.9858228318660876e-105,1035
7.379771096739632e-165,1036
1.370489947503529e-147,1037
1.0,1038
1.0,1039
1.0,1040
4.895895487904461e-163,1041
3.0848059817662748e-114,1042
2.263525958165742e-63,1043
7.314643404776082e-137,1044
1.440021916247009e-17,1045
7.227823016807112e-55,1046
1.0,1047
1.0,1048
1.0,1049
0.8974754465244617,1050
3.277532492801219e-45,1051
0.03431981179585883,1052
3.698656375162877e-63,1053
1.0,1054
1.0,1055
1.0,1056
2.518172067717527e-70,1057
0.9999999658905074,1058
1.0,1059
4.63702755850345e-72,1060
6.128976259416449e-104,1061
2.330533224182729e-36,1062
1.0,1063
2.2607835326727474e-94,1064
9.769688120984754e-36,1065
2.6701508813199737e-158,1066
6.141405657019009e-172,1067
1.0,1068
1.0,1069
2.8711255494021168e-55,1070
2.1103775927315436e-45,1071
5.218981903284518e-143,1072
0.28835511760993976,1073
1.0,1074
0.9809332047662999,1075
1.0,1076
0.7850813461613535,1077
1.0,1078
1.0,1079
0.0387196113264102,1080
1.3049719418353373e-135,1081
1.8170379897172265e-164,1082
1.0,1083
1.0,1084
0.6217284022090949,1085
0.8670127236355669,1086
0.6357816101826962,1087
0.43304053741605,1088
5.080267476566977e-113,1089
1.8264579012483507e-114,1090
0.930753045491874,1091
1.0,1092
1.089874696859833e-57,1093
7.386218302355283e-98,1094
0.09250067643232955,1095
2.275520658735494e-11,1096
1.0,1097
3.893060000582047e-47,1098
2.702153051067909e-154,1099
2.0744293990436875e-169,1100
1.0,1101
6.75736133483579e-151,1102
7.703629792211113e-72,1103
4.653474004945946e-174,1104
1.6995459398870186e-52,1105
3.8135977772630145e-128,1106
1.0,1107
4.429547969895044e-151,1108
4.962952326324768e-148,1109
0.9430723013881389,1110
7.87896027608715e-68,1111
1.0,1112
3.763286291044918e-119,1113
0.029350629287657255,1114
4.023261534015254e-147,1115
1.0,1116
1.0,1117
1.0,1118
6.451776275580352e-10,1119
1.2491182337466258e-159,1120
2.7901150816706277e-132,1121
0.021031681953963065,1122
1.0,1123
1.0,1124
1.0,1125
1.0,1126
4.213604180201143e-133,1127
0.9056206957840854,1128
1.3060179377984407e-150,1129
1.0,1130
5.664598298901146e-151,1131
1.0,1132
1.0,1133
3.2116827187100077e-107,1134
1.0,1135
2.860584747792488e-101,1136
1.0,1137
4.175345869996766e-09,1138
2.4703303793254586e-138,1139
0.19041697889787695,1140
3.238554298647223e-128,1141
1.1123423062801804e-121,1142
0.17541460354938918,1143
4.743330061916365e-121,1144
1.5874833091829153e-10,1145
1.0,1146
1.5713728642024057e-36,1147
5.060620741894735e-154,1148
1.0,1149
1.0,1150
1.0,1151
2.0071849096370436e-05,1152
1.0,1153
1.1501643674903109e-89,1154
0.12209996839702417,1155
1.0,1156
1.0,1157
7.46652846752968e-167,1158
3.1647981221591387e-53,1159
1.0,1160
1.0,1161
0.16328002433723687,1162
1.0,1163
1.0,1164
0.6140819715242398,1165
3.0843059890246846e-159,1166
5.239042372112607e-141,1167
8.237392062233192e-83,1168
3.424545501865727e-128,1169
2.2327533830046047e-145,1170
0.4799960582113307,1171
1.0,1172
1.0,1173
1.2158932401551902e-127,1174
1.0,1175
5.02118370002803e-38,1176
6.4640774102948994e-12,1177
0.7206114269881414,1178
8.357644889843187e-112,1179
1.0,1180
1.0,1181
1.0,1182
1.726980425686987e-57,1183
1.0,1184
1.0,1185
1.0,1186
0.06472910384322049,1187
3.6250146316700136e-149,1188
2.3978703409978666e-113,1189
1.8611682629564412e-150,1190
1.0,1191
2.3095899818242025e-97,1192
0.41722948693725714,1193
4.082780360148153e-65,1194
1.0,1195
1.0,1196
0.4260963447351188,1197
1.0,1198
1.0,1199
4.628093317301132e-55,1200
1.0,1201
0.18167264406727213,1202
1.0168022846178811e-87,1203
8.690048408712473e-186,1204
1.0,1205
1.0569260761592888e-10,1206
1.0,1207
1.53585141205812e-48,1208
1.0,1209
3.4418010712707094e-133,1210
1.0,1211
0.042814279777087856,1212
1.0300751369080941e-127,1213
1.0,1214
1.7176176044309416e-130,1215
1.0,1216
0.0851046053655034,1217
8.104618684839304e-77,1218
1.0,1219
1.0,1220
2.6049400504271514e-166,1221
1.0,1222
0.12499352770262194,1223
1.292272068662064e-38,1224
4.302489167248888e-144,1225
2.2694098226261873e-121,1226
1.6157876008205952e-178,1227
3.0045210748184334e-136,1228
2.3065819665356794e-142,1229
1.0,1230
4.041941324748694e-164,1231
1.0,1232
1.442070937534205e-20,1233
1.9075438024299836e-101,1234
2.0462925325234398e-98,1235
1.2480381345641361e-159,1236
0.1054174469148496,1237
1.0,1238
1.0,1239
1.752765673001898e-69,1240
4.764894110865674e-123,1241
1.0,1242
1.0,1243
9.80502040762496e-111,1244
0.05140547974521639,1245
8.110104844674054e-119,1246
0.048871265057820225,1247
0.1412813385200839,1248
6.19817829640469e-121,1249
1.0,1250
2.8623763111755164e-110,1251
4.457228793706545e-54,1252
2.6520216413446894e-45,1253
2.302769829352362e-42,1254
1.0,1255
1.0,1256
8.302114439430836e-163,1257
3.2271595510117784e-24,1258
1.1062533285452303e-159,1259
3.598146678185394e-153,1260
1.242435005564109e-161,1261
1.0,1262
0.1972897040245417,1263
6.029195686553886e-75,1264
1.0,1265
0.9002252360627959,1266
1.0,1267
1.1284251921844719e-83,1268
1.0,1269
0.999999999999841,1270
1.0,1271
1.0,1272
5.813932558791735e-79,1273
0.11455058950612573,1274
1.2784561439333895e-166,1275
1.0,1276
7.3350702134469505e-177,1277
1.0,1278
1.8076741641135026e-153,1279
1.0,1280
3.7714727402414833e-144,1281
9.886285340588386e-162,1282
0.9207502348215286,1283
2.442218071245765e-166,1284
1.0,1285
9.919473553771962e-130,1286
1.0,1287
1.0,1288
1.0,1289
1.0,1290
1.0,1291
1.871785477357333e-162,1292
1.0,1293
0.04776120449786096,1294
8.297374069207893e-74,1295
3.022118676465077e-129,1296
1.424577341198557e-42,1297
2.8524367777054736e-85,1298
2.2614715169305604e-143,1299
1.3950424286452394e-127,1300
1.0,1301
1.0,1302
1.6406311919276307e-152,1303
2.265132644214374e-154,1304
1.0,1305
8.442977915127624e-140,1306
3.364698645114587e-78,1307
5.428887822821358e-132,1308
1.8846281479109475e-146,1309
2.465501511834799e-142,1310
1.348197850201752e-119,1311
1.0,1312
5.636717353219469e-125,1313
0.996250260819949,1314
1.0695847319012834e-155,1315
1.4232145832706302e-137,1316
0.43042450131979115,1317
9.804210608592272e-59,1318
1.0,1319
2.286844599553965e-119,1320
1.0,1321
2.730046392657262e-166,1322
1.0,1323
1.5221405125447346e-140,1324
8.948200135621462e-76,1325
1.342325986741769e-28,1326
1.0,1327
3.8526820258754993e-22,1328
1.0,1329
1.0,1330
1.0,1331
8.78994565526887e-117,1332
1.0,1333
0.8564927447921068,1334
1.0,1335
1.0,1336
0.8384290094287786,1337
4.862741470067557e-137,1338
1.0,1339
1.0,1340
1.0,1341
0.22116916655120902,1342
1.8628963852613127e-08,1343
1.0,1344
1.3218637765382169e-169,1345
1.0,1346
4.91865650127891e-175,1347
3.108799131500279e-152,1348
1.406828368838905e-124,1349
3.6315051022891085e-38,1350
1.0,1351
1.0,1352
5.082141113997662e-50,1353
2.1081436560511353e-65,1354
9.434804826271172e-154,1355
8.03729517189467e-86,1356
0.06819106833580899,1357
1.5716217095516548e-54,1358
1.0,1359
1.1129601201523588e-37,1360
1.0,1361
6.093751571511975e-53,1362
1.0,1363
0.18713115058504953,1364
1.0,1365
4.9493243050724685e-55,1366
1.0,1367
4.2072046353630016e-72,1368
1.0,1369
1.0,1370
0.8887439531896315,1371
1.7242644906554517e-88,1372
2.437898774689489e-162,1373
2.5972313804248202e-123,1374
1.0,1375
1.0,1376
1.0,1377
1.0,1378
8.788613855337736e-160,1379
1.0,1380
5.584916650142765e-137,1381
3.413151460012053e-145,1382
1.0,1383
0.4542179066030147,1384
0.05455930391525599,1385
3.250668295149982e-11,1386
8.214232395125242e-35,1387
1.0,1388
1.0,1389
1.0,1390
1.0,1391
2.734608968790734e-148,1392
0.9999812057522636,1393
7.435211005041592e-38,1394
1.0,1395
7.993759269364106e-153,1396
0.07066838185025687,1397
1.0,1398
1.0,1399
1.6486637429869406e-106,1400
1.0,1401
1.0,1402
1.4015862681290694e-90,1403
0.020353637279899774,1404
0.5907758030703164,1405
5.54900209915864e-137,1406
1.0,1407
3.9326981479622203e-85,1408
1.0,1409
4.759331011683034e-86,1410
1.0,1411
2.6901409198322654e-112,1412
8.345426293534453e-168,1413
1.317879642376865e-90,1414
5.316395242059609e-144,1415
1.0,1416
0.24363623943632795,1417
2.739321418626969e-06,1418
0.6106559879555692,1419
1.0,1420
1.5366776281759131e-25,1421
0.25128605138658083,1422
1.897659426366347e-79,1423
0.831258272896757,1424
3.088771281629455e-126,1425
4.166312651351812e-165,1426
1.678914972754524e-37,1427
4.307631208328193e-143,1428
7.980901553556817e-56,1429
5.464916894842771e-29,1430
1.0,1431
4.0224448139743784e-164,1432
2.2368617982440694e-123,1433
1.0,1434
0.5167406128179531,1435
0.1141520654440146,1436
1.0,1437
5.88093074596005e-145,1438
1.0,1439
1.0,1440
1.0,1441
1.0,1442
3.518106315056882e-88,1443
0.08731728495543033,1444
0.18109974883510194,1445
4.991146155256655e-139,1446
1.0,1447
3.866531442436967e-160,1448
1.0,1449
0.1867017228552598,1450
0.06681380067331086,1451
1.0,1452
0.08211166599171914,1453
3.791954932421451e-155,1454
3.6713818356503326e-71,1455
1.0,1456
1.0,1457
1.0,1458
1.598221808429214e-185,1459
1.0,1460
0.999999612567978,1461
4.220205078397654e-179,1462
0.8852228392487682,1463
4.1613980629298454e-70,1464
0.9993891024348512,1465
1.7083279851030353e-11,1466
1.0,1467
1.0,1468
2.593387117394734e-165,1469
1.0,1470
1.0,1471
2.579542912118529e-73,1472
0.02905942469970002,1473
4.071042219282905e-67,1474
3.829764631140144e-158,1475
0.9999999998885507,1476
0.999999973143456,1477
7.46307771749285e-102,1478
7.972818778759473e-179,1479
1.0,1480
5.08260690013036e-119,1481
1.1707089437995673e-157,1482
1.0,1483
1.0,1484
1.0,1485
2.5281419213938154e-36,1486
0.20235371074034048,1487
1.0,1488
2.3162239811338623e-126,1489
1.051920606565997e-85,1490
1.0,1491
7.355827259343483e-18,1492
1.0,1493
9.094766230534292e-96,1494
1.3538126626158095e-163,1495
6.261314646725681e-158,1496
0.4762181576695881,1497
1.0,1498
1.0459568044691263e-61,1499
2.165890174464159e-140,1500
1.0,1501
1.870349971816413e-161,1502
1.591197726503864e-130,1503
1.7619213812886826e-166,1504
0.23768644786574364,1505
4.919132070154905e-75,1506
5.1498013821166244e-148,1507
0.031203672017519016,1508
1.0,1509
6.092963617740304e-66,1510
3.983304339557676e-67,1511
3.0017789367072895e-119,1512
1.0,1513
4.0861763218792924e-127,1514
2.7325959157295215e-150,1515
1.0,1516
1.0,1517
0.7731402800259768,1518
1.0,1519
1.0,1520
1.0,1521
1.0,1522
1.0,1523
1.0,1524
2.93656395042765e-76,1525
5.114808493727424e-07,1526
1.0,1527
1.0,1528
0.048866576688100294,1529
1.0,1530
0.10153482131753082,1531
1.0,1532
1.0,1533
0.127024101625955,1534
1.0,1535
3.3783798323255776e-24,1536
0.8011809536500099,1537
1.0,1538
1.0,1539
0.8600720275768416,1540
1.1242433423176353e-145,1541
1.0,1542
7.098421148529975e-103,1543
1.0,1544
2.992918040924989e-128,1545
7.40044833383238e-52,1546
1.0,1547
1.0,1548
6.180797625091859e-132,1549
7.063992225976933e-150,1550
1.0,1551
0.5934402898869278,1552
0.5707331544834917,1553
1.0,1554
1.5845004276693126e-50,1555
1.0,1556
1.0,1557
1.0,1558
1.0,1559
2.096963892904665e-11,1560
0.8391279346934805,1561
0.32989954215810435,1562
1.0,1563
1.0,1564
2.5393985665026576e-62,1565
0.11521139319427691,1566
5.235031059076226e-32,1567
1.0,1568
1.3877794153506803e-43,1569
1.0,1570
1.0,1571
1.0,1572
3.387317129568809e-178,1573
4.002154303029216e-120,1574
0.09261015481397367,1575
3.331087451634632e-155,1576
1.0,1577
1.8420137276348562e-147,1578
1.3965849669539267e-34,1579
1.0,1580
3.385920961916238e-10,1581
3.393233005148565e-143,1582
4.6302601890875716e-179,1583
0.9316208690353261,1584
1.0,1585
7.776750138500961e-55,1586
7.581738433839262e-162,1587
1.3574031748710375e-70,1588
1.0,1589
1.0,1590
1.4317270475437883e-165,1591
5.149368963187896e-134,1592
0.15291643455193987,1593
1.0,1594
1.0783517429343e-36,1595
1.067018170021795e-175,1596
1.0,1597
1.0,1598
0.1260736997956273,1599
1.0,1600
1.0,1601
2.5405439671892326e-97,1602
1.0,1603
1.0,1604
1.0,1605
2.9265040831425916e-121,1606
1.4420446687890713e-75,1607
1.0,1608
1.0,1609
1.0,1610
5.711237885308241e-23,1611
1.0,1612
1.0,1613
1.0,1614
2.2738895785496769e-88,1615
2.393438474960897e-109,1616
1.0,1617
1.0,1618
1.0,1619
0.9999999999985204,1620
1.0,1621
1.0,1622
1.0,1623
3.1339452001490024e-151,1624
4.35866274515181e-121,1625
1.0,1626
5.107296047339259e-47,1627
1.2999453749343011e-177,1628
0.9517758442742539,1629
2.307784359806369e-57,1630
1.3609509562917004e-88,1631
1.0,1632
1.019073052147069e-136,1633
5.501510199362356e-154,1634
7.020241813543384e-146,1635
8.216131565777183e-175,1636
1.0,1637
1.1331343388626678e-143,1638
1.0,1639
3.027120573021055e-96,1640
0.6448430539255883,1641
0.26355810931965834,1642
1.0,1643
1.0,1644
2.388688754854679e-135,1645
0.4539461375458639,1646
1.2641202860969186e-160,1647
1.0,1648
2.7935103216116155e-142,1649
2.3235252834904975e-21,1650
1.0,1651
1.0,1652
1.0,1653
1.2305821857906302e-84,1654
3.3305956546288053e-165,1655
0.29940682808461117,1656
1.3335379161896379e-70,1657
0.21998169980887883,1658
1.0,1659
0.0572969192148507,1660
1.2434690589033552e-160,1661
1.0,1662
1.0,1663
1.154154485552942e-79,1664
1.0,1665
0.32398451784858545,1666
1.2450720135863456e-138,1667
1.0,1668
1.0,1669
1.0,1670
5.15430363979701e-97,1671
3.3740974989017064e-136,1672
2.5785904859331823e-124,1673
0.8380231042270212,1674
1.0,1675
1.2303992763436637e-122,1676
3.9807226575561886e-80,1677
0.5439051231140408,1678
1.3486414145819242e-46,1679
5.4741193211898787e-76,1680
6.443853023867851e-134,1681
6.773623166505802e-150,1682
1.0,1683
1.930417660526681e-85,1684
1.0,1685
3.709102963075944e-140,1686
0.027187716462902033,1687
0.9785234181190252,1688
1.0,1689
4.034655108271451e-37,1690
3.1335190102007485e-166,1691
0.025301927264535336,1692
3.1496646921126673e-55,1693
4.723747041426309e-136,1694
2.692267930365529e-116,1695
0.10428388047143691,1696
0.7229029489986866,1697
0.061716333517431776,1698
7.741105317781647e-60,1699
1.0,1700
7.401971069174426e-15,1701
1.0,1702
4.6956944107020754e-61,1703
1.3490852020131052e-131,1704
5.180957066748286e-96,1705
1.5790588199607492e-139,1706
1.0,1707
1.2071514389896767e-69,1708
1.4617840041156591e-151,1709
1.0,1710
0.9999999997663146,1711
1.0,1712
2.248710572381614e-60,1713
1.0,1714
6.160842024265842e-82,1715
8.611544591279064e-167,1716
1.0,1717
1.0,1718
2.1849300606901965e-61,1719
2.4555765407442404e-140,1720
1.0,1721
1.0,1722
1.0,1723
0.9999999999999996,1724
7.0423256777753105e-149,1725
0.13855996697242876,1726
1.3284431627649398e-19,1727
9.899901790290604e-143,1728
2.2789797700137797e-138,1729
1.0,1730
0.1966074449884552,1731
4.724468092789873e-152,1732
1.0,1733
1.0,1734
1.0,1735
1.0,1736
1.0,1737
1.8114067967929692e-99,1738
7.98275462094686e-109,1739
7.604690227894952e-113,1740
1.0,1741
4.359662112399232e-167,1742
1.761908562570041e-95,1743
3.914804313773946e-121,1744
0.03629083073917835,1745
1.0,1746
1.0,1747
5.473738319702808e-115,1748
1.1678745915816488e-104,1749
1.0,1750
8.364466551260595e-153,1751
1.0,1752
1.0,1753
1.0,1754
5.423418383740053e-36,1755
1.4881196151187945e-123,1756
1.0,1757
0.49136641910184287,1758
3.2198542986860405e-82,1759
1.574057567801947e-55,1760
0.9999941221805473,1761
4.937424280088224e-63,1762
4.24604377502144e-127,1763
9.95514337695965e-134,1764
1.0,1765
8.449698664587434e-121,1766
6.569651402803762e-125,1767
1.0,1768
1.0,1769
2.5216925105737143e-148,1770
1.0,1771
1.0,1772
8.426918026021287e-109,1773
1.0,1774
1.0,1775
9.630680600877272e-71,1776
9.769342001707161e-73,1777
2.9210636871100893e-106,1778
1.0,1779
1.0,1780
4.7733748774727555e-102,1781
1.0,1782
1.9744454722556416e-164,1783
1.0,1784
5.355312667763826e-130,1785
1.3905203052720969e-173,1786
0.9203492533140667,1787
2.6253180362528627e-56,1788
1.0,1789
2.3320388339216342e-141,1790
1.0,1791
0.9107459338605576,1792
1.0,1793
0.02137449789525447,1794
1.0,1795
1.0,1796
1.0,1797
1.0,1798
1.0,1799
1.0,1800
1.11131313756874e-115,1801
1.0,1802
1.480934957337787e-20,1803
1.0,1804
1.0,1805
0.05850999354483957,1806
0.041261981069485365,1807
0.07895950454130153,1808
1.0,1809
1.0,1810
1.0,1811
2.296268340701844e-151,1812
1.0,1813
0.15337069207176401,1814
7.41172852236337e-139,1815
1.0,1816
1.0,1817
0.25853881423034236,1818
1.0,1819
5.171459911666566e-161,1820
1.0,1821
1.0,1822
1.0,1823
1.6588048387167534e-155,1824
2.1707247250572395e-78,1825
1.0,1826
1.0,1827
8.526684488356044e-144,1828
0.06735641530566777,1829
1.0392068243500088e-27,1830
0.00105054113471698,1831
1.0,1832
1.0,1833
5.01430536362651e-11,1834
1.0,1835
1.0,1836
1.0,1837
6.899218273539666e-36,1838
1.0,1839
1.1674503861639017e-103,1840
1.2692306107085224e-159,1841
1.0,1842
1.0,1843
0.021438876110171524,1844
1.0,1845
1.0,1846
1.860099774944376e-67,1847
7.514242967335119e-140,1848
1.0,1849
7.766836856746941e-135,1850
1.0,1851
1.0,1852
2.738979253893665e-82,1853
1.0,1854
4.182383992346284e-79,1855
1.0,1856
1.2299004726547196e-173,1857
1.0,1858
3.778543972395861e-142,1859
1.0,1860
1.0,1861
3.074935442402265e-163,1862
1.0,1863
1.0,1864
1.0,1865
4.084736793306479e-34,1866
1.0,1867
1.0,1868
2.904371275329838e-119,1869
0.028271236782231552,1870
6.463890353465171e-168,1871
1.2759724502330536e-144,1872
1.7162998834255973e-152,1873
1.0,1874
3.8287579975433612e-137,1875
5.066106629645337e-58,1876
1.0,1877
4.216060797326224e-131,1878
1.0,1879
1.0,1880
0.23270118640455184,1881
1.2767198452108166e-108,1882
1.0,1883
2.6321279905824065e-143,1884
0.5083965449050093,1885
1.0,1886
2.1555296760763715e-101,1887
1.0,1888
7.680374444398996e-32,1889
0.13763160071245062,1890
1.0,1891
1.0,1892
1.0999491101413853e-173,1893
3.569250677316059e-33,1894
0.9999999999998108,1895
5.122782356126218e-13,1896
0.10757336902885792,1897
1.0,1898
1.117920545240884e-160,1899
1.0,1900
0.07953381731846106,1901
1.0,1902
6.203491881469711e-152,1903
9.359156558168746e-144,1904
1.0,1905
2.2993673614000778e-129,1906
1.2244874737456273e-51,1907
0.36849589392382887,1908
1.0,1909
1.2007314580193301e-84,1910
1.0,1911
0.6458878141709448,1912
1.0,1913
1.0,1914
1.0,1915
1.0,1916
5.850717959328651e-154,1917
1.470712518950332e-107,1918
1.0,1919
1.0,1920
1.0,1921
1.0,1922
1.0,1923
0.2791693275459336,1924
0.008705765518662825,1925
1.0,1926
1.0,1927
1.0,1928
2.5372267675067234e-154,1929
1.0,1930
1.0,1931
1.0,1932
1.0,1933
1.0,1934
1.0,1935
1.0,1936
1.0,1937
6.8320856138785e-142,1938
1.0,1939
1.0,1940
0.5203051432891591,1941
3.411655829582018e-67,1942
1.0624088474430998e-154,1943
1.0,1944
1.0,1945
2.8394946997719995e-143,1946
1.0,1947
1.0,1948
1.0,1949
1.0,1950
1.0,1951
0.9390328062773244,1952
2.407725652520875e-136,1953
1.0,1954
1.0,1955
0.33934419059789667,1956
1.0,1957
1.0,1958
0.9906936589382874,1959
1.0,1960
0.4415798241136345,1961
8.565562227423813e-151,1962
6.918849284180495e-144,1963
1.0,1964
1.0,1965
2.3051071037857686e-78,1966
0.014451550865024887,1967
1.0,1968
1.0,1969
1.0,1970
1.2515390276776934e-139,1971
1.0,1972
1.0,1973
1.0,1974
1.0,1975
1.0,1976
1.0,1977
1.0,1978
4.318026392818227e-142,1979
1.0,1980
1.0,1981
0.5991841762843351,1982
3.7118292304318644e-103,1983
8.673387749225281e-148,1984
0.09611022697950668,1985
5.974361005957461e-163,1986
0.9999997167999223,1987
0.21127873349497484,1988
3.8512888820661015e-89,1989
1.0,1990
1.0,1991
1.2595372529458503e-64,1992
5.588333310619377e-144,1993
1.0,1994
1.0,1995
1.0,1996
5.775588515117375e-142,1997
1.0,1998
1.0,1999
1.0,2000
1.0,2001
1.0,2002
1.0,2003
1.0,2004
9.607872772893994e-136,2005
1.0,2006
0.8238215135736305,2007
1.0,2008
1.0,2009
1.0,2010
1.0,2011
1.0,2012
1.0,2013
1.0,2014
1.0,2015
1.0,2016
1.0,2017
1.0,2018
1.0419825000219464e-38,2019
2.592370295737341e-146,2020
8.812832854551278e-82,2021
1.0,2022
1.0,2023
1.0,2024
1.0,2025
0.852260860805566,2026
1.0,2027
1.0,2028
1.0,2029
8.204309190633352e-144,2030
1.0,2031
1.0,2032
1.288417129533545e-141,2033
0.677117172848956,2034
1.0,2035
1.0,2036
2.3627102968841612e-147,2037
1.0,2038
1.0,2039
1.1027375366387808e-11,2040
1.0,2041
1.0,2042
5.69916267430255e-142,2043
3.6832530844020227e-38,2044
1.9980052126552745e-150,2045
1.248833548488383e-126,2046
1.0,2047
0.8305958368677764,2048
1.0,2049
1.0,2050
1.0,2051
1.0,2052
1.0,2053
1.0,2054
3.361788325114601e-07,2055
2.089636703415446e-119,2056
0.9658339139465157,2057
3.2657958124172695e-10,2058
8.945052280674782e-145,2059
0.03366625028710512,2060
1.0,2061
0.9284834336905914,2062
2.413227025041616e-07,2063
2.256095820062863e-143,2064
0.7275473668600232,2065
1.0,2066
5.111156435727941e-47,2067
1.0,2068
8.113494236271134e-73,2069
1.0,2070
0.9897527971361613,2071
1.0,2072
6.289966770630235e-152,2073
7.055108441263548e-158,2074
1.0,2075
0.0724639590646613,2076
2.632853529540482e-151,2077
2.8109671222287135e-106,2078
1.0,2079
1.0,2080
1.0,2081
1.0,2082
1.7366973029789213e-146,2083
7.244032118273461e-67,2084
1.0,2085
3.2867981705176293e-109,2086
1.0,2087
1.665400070777147e-142,2088
1.0,2089
9.210809982359783e-144,2090
1.0,2091
6.108665020170509e-50,2092
1.7877958306926297e-140,2093
2.630827353025132e-41,2094
1.6195451578032253e-15,2095
1.0,2096
1.0,2097
8.953485269136265e-136,2098
1.0,2099
1.0,2100
1.0,2101
1.0,2102
7.786335283840669e-141,2103
1.3956663834348891e-151,2104
1.0,2105
6.69152426397092e-25,2106
1.0,2107
1.2664989121233439e-143,2108
1.2641939646515298e-147,2109
1.0,2110
1.0,2111
1.0104383441642993e-146,2112
1.0,2113
1.0,2114
2.699428789212024e-145,2115
1.0,2116
1.0,2117
5.376841037936807e-153,2118
1.0,2119
1.0,2120
3.249114356115774e-87,2121
1.1770900918902257e-156,2122
7.672708544693238e-148,2123
1.759931176459879e-149,2124
1.0,2125
1.0,2126
1.0,2127
0.9668226343529605,2128
1.0,2129
1.0,2130
1.9577336544737767e-50,2131
0.9999999999999832,2132
1.0,2133
1.0,2134
1.0,2135
2.124542179285085e-122,2136
0.892341146707645,2137
1.0,2138
7.410061208111145e-151,2139
7.338446681281227e-150,2140
1.0,2141
0.03183096810332032,2142
1.0,2143
1.0,2144
1.0,2145
1.0,2146
8.49040329523105e-52,2147
1.0,2148
1.0,2149
1.2032890718600244e-97,2150
1.0,2151
1.0,2152
1.0,2153
1.1096361797995454e-131,2154
1.0,2155
1.0,2156
1.0,2157
1.0,2158
1.0,2159
1.0,2160
1.0,2161
1.0,2162
0.9455243255416057,2163
5.238058654907922e-146,2164
1.3886340778380188e-126,2165
1.0,2166
1.3577317881096103e-33,2167
2.2497591964904322e-13,2168
1.0,2169
0.06866960356451901,2170
1.0,2171
3.032195969827642e-152,2172
1.0,2173
1.0,2174
1.0,2175
1.0,2176
1.0,2177
1.0,2178
3.833401072393916e-140,2179
1.0,2180
1.0,2181
1.0,2182
1.0,2183
3.752228598808878e-123,2184
1.0,2185
1.0,2186
1.0,2187
4.356273010092662e-146,2188
0.7531356326968839,2189
1.5336408741735326e-151,2190
1.0,2191
1.0,2192
1.0,2193
0.9905376014265648,2194
1.0,2195
1.0,2196
1.0,2197
1.0,2198
1.0,2199
1.0137920399931412e-161,2200
1.85387739214164e-153,2201
1.0,2202
1.0,2203
0.001224333106164384,2204
1.0,2205
9.78302516657154e-147,2206
0.05363943863895173,2207
0.6964866899394023,2208
1.0,2209
0.05456072908677204,2210
1.0,2211
4.230848378281253e-142,2212
7.935022088088689e-150,2213
0.9595508522320659,2214
1.0,2215
9.225489482490172e-142,2216
1.0,2217
6.0505122645429084e-124,2218
1.0,2219
3.942307111382867e-154,2220
1.0,2221
1.0,2222
1.0,2223
1.0,2224
1.0,2225
1.0,2226
1.0,2227
1.0,2228
1.1983759295733812e-31,2229
1.0,2230
1.0,2231
1.0,2232
0.05521506134263718,2233
6.782984028988641e-42,2234
1.0,2235
1.0,2236
3.687456899440305e-140,2237
1.0,2238
1.0,2239
4.811379595426951e-119,2240
1.0,2241
0.9415331797156903,2242
0.9999993284463777,2243
7.096076619798351e-145,2244
1.1395633815624318e-36,2245
1.0,2246
1.0,2247
1.0,2248
1.0,2249
1.0,2250
1.0,2251
1.0,2252
5.8650431703046604e-136,2253
1.0,2254
0.13017229775776448,2255
1.0,2256
1.8702378868485847e-137,2257
1.1671199773867821e-122,2258
0.9999999999993443,2259
1.0,2260
8.628614380554427e-139,2261
6.060165759693784e-54,2262
1.0,2263
1.0,2264
1.0,2265
0.02527757517711691,2266
1.0,2267
1.0,2268
1.0,2269
1.0,2270
5.146074357342978e-140,2271
0.9999985089290634,2272
1.0,2273
1.0,2274
1.3692128107507158e-144,2275
1.7935077089658877e-138,2276
1.0,2277
0.027707988613793706,2278
1.0,2279
1.0,2280
2.3246634056472254e-37,2281
1.0,2282
1.0,2283
1.0,2284
1.0,2285
1.0,2286
7.847348412877479e-18,2287
0.346562967470811,2288
1.0,2289
2.360927387297351e-159,2290
0.9391294814302621,2291
0.9996830252609722,2292
0.9784105905218364,2293
1.0,2294
1.0,2295
1.0,2296
1.0,2297
1.0,2298
1.0607926613063114e-114,2299
2.1226927643812913e-120,2300
0.3111779301118132,2301
0.982704983115489,2302
3.5650371220619417e-42,2303
1.0,2304
1.0,2305
4.058700574549385e-131,2306
6.098070350588659e-166,2307
1.6821533814847063e-145,2308
2.06199192066622e-84,2309
1.0,2310
6.057644296435809e-128,2311
1.0,2312
0.9755371257949713,2313
1.0,2314
1.0,2315
1.0,2316
1.0,2317
1.0,2318
1.0,2319
2.53628860197632e-65,2320
1.0,2321
1.0,2322
6.803018259280551e-143,2323
0.02072191913192862,2324
1.0,2325
1.8279690862111246e-161,2326
1.0,2327
0.9999999999998919,2328
4.864632284278082e-05,2329
1.0,2330
5.36738110922352e-118,2331
1.0,2332
0.9999999970373793,2333
0.007682334027621299,2334
1.0,2335
1.0,2336
1.0,2337
1.0,2338
7.193964479232082e-161,2339
8.146096451025292e-145,2340
1.0,2341
1.0,2342
1.0,2343
1.0,2344
0.9776313713523155,2345
1.0,2346
0.37796890881218254,2347
3.62272318048982e-46,2348
8.771942699267453e-54,2349
0.13763230025040818,2350
1.0,2351
9.517482127712538e-168,2352
1.0406460168815846e-135,2353
3.09746342398887e-140,2354
1.0,2355
1.8525479783241996e-150,2356
1.0,2357
1.0,2358
2.174890844931437e-166,2359
1.0,2360
1.0,2361
1.0,2362
8.589190335265934e-140,2363
1.0,2364
1.0,2365
1.0,2366
1.0,2367
1.0,2368
4.575784179159625e-114,2369
2.0862023952256263e-138,2370
1.0,2371
1.0,2372
1.0,2373
4.611000912221239e-149,2374
1.0,2375
1.409769233392756e-58,2376
1.0,2377
1.0,2378
1.0,2379
1.0,2380
1.2074089272570468e-110,2381
1.0,2382
5.54166703258085e-48,2383
1.0,2384
0.9761515503736592,2385
5.372315201688037e-146,2386
0.05103075811389134,2387
1.0,2388
1.0,2389
1.0,2390
2.4141422896195347e-98,2391
0.0226091151535272,2392
3.594218193050446e-45,2393
1.0,2394
4.0018525930762577e-57,2395
1.0,2396
1.0,2397
0.9999969840794575,2398
1.0,2399
1.0,2400
0.22027862061516054,2401
1.0,2402
1.0,2403
4.181414455402976e-156,2404
1.0,2405
1.0,2406
1.860684113748465e-127,2407
2.328417326341384e-135,2408
8.574077197411377e-120,2409
3.0254916291192374e-112,2410
1.0,2411
1.0,2412
1.0,2413
3.971575170612622e-100,2414
1.0,2415
1.0,2416
1.0,2417
1.0128807698242508e-148,2418
1.0,2419
1.0,2420
0.3972062192107553,2421
1.0,2422
1.8383745886827744e-140,2423
1.0,2424
1.0,2425
0.06710668572303724,2426
0.12535209061084182,2427
1.6133859733137388e-117,2428
0.04970813302044313,2429
2.850417879767013e-135,2430
1.0,2431
1.0,2432
4.391970344993689e-50,2433
1.0,2434
1.0,2435
1.0,2436
1.4075220318815605e-12,2437
0.984855182261532,2438
1.0,2439
1.0,2440
1.0,2441
3.527112576140614e-18,2442
0.25492214474798125,2443
1.1316118288450752e-66,2444
0.985552820071427,2445
1.5884561438072528e-146,2446
1.0,2447
1.0,2448
0.04775240832990546,2449
1.0,2450
1.0,2451
1.0,2452
1.0,2453
7.714699946231228e-80,2454
1.0,2455
1.0,2456
1.0,2457
1.0,2458
1.0,2459
7.892421316745098e-146,2460
1.0,2461
0.03415113884759077,2462
1.0,2463
2.939863558176847e-145,2464
1.0,2465
0.12364975120088824,2466
4.6262469878430566e-141,2467
0.18911146905471984,2468
3.3216721875822993e-141,2469
1.0,2470
0.9999953064740937,2471
1.0,2472
1.0,2473
1.0,2474
1.0,2475
4.465786157928362e-76,2476
2.485900370863443e-158,2477
1.4648700477893847e-58,2478
1.0,2479
1.0,2480
2.5913356647070898e-08,2481
6.19273889600488e-137,2482
1.0,2483
1.019333043174336e-149,2484
1.9054811783437302e-141,2485
0.06790142504749484,2486
2.181247750601161e-37,2487
1.0,2488
1.7337742453369363e-94,2489
0.16364960300593065,2490
1.0,2491
1.570582311618399e-140,2492
1.0,2493
1.0,2494
5.811258044115224e-140,2495
1.0,2496
1.0,2497
1.0,2498
9.015183292313822e-135,2499
2.1364051274727905e-161,2500
0.854238115686359,2501
1.0,2502
1.0,2503
2.1376172071063254e-169,2504
1.0,2505
3.100683365214249e-90,2506
3.977356646189911e-146,2507
1.0,2508
1.0,2509
1.0,2510
1.0,2511
0.8723367548534365,2512
7.198616225337832e-48,2513
1.0,2514
3.0713676287299963e-60,2515
1.0,2516
1.0,2517
0.924013600171761,2518
1.0,2519
1.5196399011880526e-113,2520
2.6753596856771808e-98,2521
1.0,2522
1.0,2523
0.1357810907400491,2524
1.0,2525
2.7098896575737228e-30,2526
0.9999999998818871,2527
1.0,2528
1.0,2529
0.8673157043770422,2530
0.9999999999999999,2531
3.941257887060728e-154,2532
1.0,2533
1.0,2534
0.25279344020223443,2535
0.03444640322515244,2536
1.0,2537
1.0,2538
4.1615097844238546e-142,2539
1.0,2540
1.0,2541
0.017571223369830066,2542
0.45812796657127014,2543
0.9958966578302452,2544
9.978890347087856e-59,2545
7.438800981161231e-146,2546
0.9803224780061215,2547
1.0,2548
9.017357137822254e-167,2549
1.7232764256946426e-99,2550
0.0131238620281803,2551
3.0196284107341712e-155,2552
1.2566383991804764e-167,2553
4.637371235416619e-95,2554
1.0,2555
1.345674712338052e-138,2556
1.0,2557
1.0,2558
1.3968114845884578e-138,2559
0.010311237731819675,2560
1.950189497353324e-95,2561
1.0,2562
1.321700927138118e-130,2563
1.5861038539597546e-148,2564
1.0,2565
1.0,2566
0.9812324513338214,2567
1.0,2568
1.0,2569
1.0,2570
1.0,2571
0.9651812707032333,2572
8.939013118324014e-95,2573
1.808450984748542e-143,2574
2.457715635446051e-56,2575
1.703835991878544e-63,2576
1.0,2577
1.300058880069566e-138,2578
7.434534635438928e-138,2579
1.0,2580
0.887815343972141,2581
1.0,2582
1.0,2583
1.312564247594872e-39,2584
1.0,2585
4.634397005254693e-143,2586
1.0,2587
1.0,2588
1.0,2589
1.0005542498623323e-146,2590
7.335914218457093e-142,2591
1.0,2592
1.8807242571660033e-146,2593
0.9813034642398164,2594
1.0,2595
1.0,2596
0.9999999999512776,2597
1.0,2598
1.0,2599
2.0982836274257543e-115,2600
2.9413440658684932e-117,2601
1.2927294189654177e-96,2602
1.0,2603
1.2335501150126955e-117,2604
0.9349347292855056,2605
1.4451349489471045e-119,2606
4.496902246349519e-115,2607
1.0,2608
1.0,2609
1.0,2610
4.121930489801922e-79,2611
1.0,2612
4.0667658930043085e-112,2613
1.0,2614
5.965503315789894e-142,2615
0.9898082133726673,2616
1.0,2617
1.0,2618
2.505886692201154e-136,2619
1.0,2620
1.0,2621
4.523753454211732e-69,2622
2.0570900276103908e-07,2623
5.023842001389913e-62,2624
4.0220017958677478e-143,2625
1.0,2626
1.0,2627
1.0,2628
1.0,2629
3.9707112315415324e-140,2630
7.756287483048078e-134,2631
1.0,2632
1.0,2633
0.999998491863494,2634
1.0,2635
1.0,2636
1.0,2637
9.422121431021025e-152,2638
1.0,2639
1.0,2640
1.0,2641
1.0,2642
1.0,2643
1.0,2644
1.0,2645
1.2624465074062709e-49,2646
1.0,2647
1.0,2648
1.0,2649
5.590777402689869e-68,2650
1.0,2651
1.0,2652
1.0,2653
1.4428017134389674e-155,2654
1.1378440962255744e-161,2655
1.0,2656
1.0,2657
1.0,2658
1.0,2659
1.0,2660
0.0,2661
0.0,2662
0.0,2663
0.0,2664
0.0,2665
0.0,2666
0.0,2667
0.0,2668
0.0,2669
0.0,2670
0.0,2671
0.0,2672
0.0,2673
0.0,2674
0.0,2675
0.0,2676
5.14915236791865e-83,2677
5.6154783550939375e-133,2678
0.0,2679
0.0,2680
0.0,2681
0.0,2682
0.0,2683
0.0,2684
0.0,2685
0.0,2686
0.0,2687
0.0,2688
0.0,2689
0.0,2690
0.0,2691
0.0,2692
9.680481859588993e-148,2693
0.0,2694
0.0,2695
0.0,2696
0.0,2697
0.0,2698
0.0,2699
0.0,2700
0.0,2701
0.0,2702
0.0,2703
1.4585042415115876e-61,2704
0.0,2705
0.0,2706
9.351873949586342e-136,2707
0.0,2708
0.0,2709
0.0,2710
0.0,2711
0.0,2712
0.0,2713
0.0,2714
0.0,2715
0.0,2716
0.0,2717
0.0,2718
0.0,2719
0.0,2720
0.0,2721
0.0,2722
0.0,2723
2.072352485432305e-151,2724
3.103266514328862e-119,2725
0.0,2726
0.0,2727
0.0,2728
0.0,2729
0.0,2730
0.0,2731
0.0,2732
0.0,2733
1.2027618679440738e-189,2734
0.0,2735
0.0,2736
0.0,2737
0.0,2738
0.0,2739
3.763082305560773e-61,2740
0.0,2741
0.0,2742
0.0,2743
4.9809296884509986e-166,2744
0.0,2745
0.0,2746
0.0,2747
0.0,2748
0.0,2749
0.0,2750
0.0,2751
2.667165041206996e-60,2752
0.0,2753
3.1909628760861562e-173,2754
0.0,2755
0.0,2756
0.0,2757
0.0,2758
0.0,2759
1.0114025429219557e-165,2760
0.0,2761
0.0,2762
0.0,2763
2.94718395408957e-106,2764
0.0,2765
0.0,2766
0.0,2767
0.0,2768
0.0,2769
0.0,2770
0.0,2771
0.0,2772
0.0,2773
0.7569675940206837,2774
8.484253302010928e-116,2775
0.712521613779581,2776
0.0,2777
0.0,2778
0.0,2779
0.0,2780
0.0,2781
0.0,2782
0.0,2783
0.0,2784
0.0,2785
0.0,2786
0.0,2787
2.1771984870110487e-22,2788
0.0,2789
0.0,2790
0.0,2791
0.0,2792
0.0,2793
0.0,2794
0.0,2795
0.0,2796
0.0,2797
0.0,2798
0.843627348459159,2799
0.0,2800
0.0,2801
0.0,2802
0.0,2803
0.0,2804
0.0,2805
0.0,2806
0.0,2807
0.0,2808
0.0,2809
0.0,2810
0.0,2811
0.0,2812
1.9038633460791882e-96,2813
3.456544517794767e-77,2814
0.0,2815
0.0,2816
0.7186542348927527,2817
0.0,2818
0.0,2819
0.0,2820
0.0,2821
3.8398859266085995e-144,2822
0.0,2823
0.0,2824
1.1265609771645265e-122,2825
2.234037619914448e-81,2826
0.0,2827
0.0,2828
0.0,2829
0.0,2830
0.0,2831
0.0,2832
0.0,2833
0.0,2834
0.0,2835
0.0,2836
0.0,2837
2.1291459407560808e-68,2838
0.0,2839
0.0,2840
0.0,2841
0.0,2842
0.0,2843
0.0,2844
0.0,2845
0.0,2846
0.0,2847
0.0,2848
0.0,2849
0.0,2850
0.0,2851
0.0,2852
0.0,2853
0.0,2854
0.0,2855
0.0,2856
0.4198493357139711,2857
0.0,2858
0.0,2859
0.0,2860
0.8758440517985754,2861
0.0,2862
0.0,2863
0.0,2864
0.0,2865
0.0,2866
0.0,2867
0.0,2868
1.0697568425275381e-141,2869
0.0,2870
0.0,2871
0.0,2872
0.0,2873
0.0,2874
0.0,2875
0.0,2876
0.0,2877
0.0,2878
0.0,2879
0.0,2880
0.0,2881
0.0,2882
5.137314702555326e-100,2883
0.0,2884
1.4914455539306925e-68,2885
0.0,2886
0.0,2887
0.0,2888
0.0,2889
0.0,2890
0.0,2891
1.5456058134138636e-118,2892
0.0,2893
0.0,2894
0.0,2895
0.0,2896
0.0,2897
0.0,2898
0.0,2899
0.0,2900
0.0,2901
0.0,2902
1.9120078101744107e-151,2903
0.0,2904
0.0,2905
0.0,2906
0.0,2907
0.0,2908
0.0,2909
0.0,2910
0.0,2911
0.0,2912
0.0,2913
0.0,2914
0.0,2915
0.0,2916
0.0,2917
0.0,2918
0.0,2919
0.0,2920
0.0,2921
0.0,2922
0.0,2923
0.0,2924
0.0,2925
0.0,2926
0.0,2927
0.0,2928
0.0,2929
0.0,2930
0.0,2931
0.0,2932
0.0,2933
0.0,2934
0.0,2935
0.0,2936
0.0,2937
3.2706658205438295e-172,2938
0.0,2939
0.0,2940
5.421101561590735e-155,2941
0.0,2942
0.0,2943
0.0,2944
0.0,2945
0.0,2946
0.0,2947
0.0,2948
0.0,2949
0.0,2950
0.0,2951
0.0,2952
0.0,2953
0.0,2954
0.0,2955
0.0,2956
0.0,2957
0.0,2958
0.0,2959
0.0,2960
0.0,2961
2.433742721368569e-100,2962
0.0,2963
2.6856914450141892e-132,2964
0.0,2965
0.0,2966
0.0,2967
3.638749353433433e-107,2968
0.0,2969
0.0,2970
1.2653152871364858e-39,2971
0.0,2972
0.0,2973
0.0,2974
9.379618874244577e-24,2975
7.877856018360428e-181,2976
0.0,2977
0.0,2978
1.0404266158780869e-116,2979
0.0,2980
0.0,2981
0.0,2982
0.0,2983
0.0,2984
0.0,2985
0.0,2986
0.0,2987
0.0,2988
0.0,2989
0.0,2990
0.0,2991
0.0,2992
0.0,2993
0.0,2994
0.0,2995
0.0,2996
0.0,2997
0.0,2998
1.984969203278119e-191,2999
0.0,3000
3.25742192608223e-124,3001
0.0,3002
2.2535377484390236e-68,3003
0.0,3004
5.580492692098422e-208,3005
0.0,3006
0.0,3007
0.0,3008
0.0,3009
0.0,3010
3.4248465352769124e-182,3011
0.0,3012
0.0,3013
0.0,3014
0.0,3015
0.0,3016
0.0,3017
0.0,3018
1.363783346868521e-146,3019
2.569746801616525e-155,3020
0.0,3021
0.0,3022
0.0,3023
0.0,3024
0.0,3025
0.0,3026
0.0,3027
0.0,3028
0.0,3029
0.0,3030
0.0,3031
0.0,3032
0.0,3033
2.5239484595926993e-131,3034
0.0,3035
0.0,3036
0.0,3037
0.0,3038
0.0,3039
0.0,3040
0.0,3041
0.0,3042
0.0,3043
0.0,3044
0.0,3045
0.0,3046
0.0,3047
0.0,3048
0.0,3049
0.0,3050
0.0,3051
0.0,3052
0.8705467374677974,3053
0.0,3054
0.7569675940206837,3055
0.0,3056
2.3449421668133194e-140,3057
0.0,3058
0.0,3059
0.0,3060
0.0,3061
1.133088846401258e-195,3062
0.0,3063
0.0,3064
0.0,3065
0.0,3066
0.0,3067
0.0,3068
0.0,3069
0.0,3070
0.0,3071
0.0,3072
0.0,3073
0.7569675940206837,3074
0.0,3075
0.0,3076
0.0,3077
0.0,3078
2.341709724879322e-210,3079
0.0,3080
0.0,3081
0.0,3082
0.0,3083
0.0,3084
0.0,3085
0.0,3086
0.0,3087
0.0,3088
0.0,3089
0.0,3090
0.0,3091
0.0,3092
0.0,3093
0.0,3094
0.0,3095
0.0,3096
6.763368808295332e-178,3097
0.0,3098
0.0,3099
5.430174944238141e-113,3100
3.1457726446747297e-264,3101
0.0,3102
0.0,3103
0.0,3104
0.5990912691600017,3105
0.0,3106
0.0,3107
0.0,3108
0.0,3109
0.0,3110
1.9970814304867247e-182,3111
0.0,3112
0.0,3113
0.0,3114
0.0,3115
0.0,3116
0.0,3117
0.0,3118
0.0,3119
0.0,3120
0.0,3121
0.8618258601041311,3122
0.0,3123
0.0,3124
0.0,3125
0.0,3126
0.7569675940206837,3127
0.0,3128
0.0,3129
0.0,3130
0.0,3131
0.0,3132
0.0,3133
0.0,3134
0.0,3135
0.0,3136
0.0,3137
0.0,3138
0.0,3139
0.0,3140
0.8684696017112983,3141
0.0,3142
0.0,3143
0.0,3144
0.0,3145
0.0,3146
0.7186542348927527,3147
0.0,3148
0.0,3149
0.0,3150
0.0,3151
0.0,3152
0.0,3153
0.0,3154
0.0,3155
0.0,3156
0.0,3157
0.0,3158
0.0,3159
0.0,3160
0.0,3161
2.6880514029617374e-142,3162
0.0,3163
4.993671845415879e-109,3164
4.4876407301771305e-104,3165
0.0,3166
0.0,3167
1.801585550034243e-132,3168
0.0,3169
0.0,3170
0.0,3171
0.0,3172
3.949267351873987e-158,3173
0.0,3174
0.0,3175
0.0,3176
0.0,3177
9.090946969745902e-110,3178
3.107433130483739e-206,3179
0.0,3180
0.0,3181
0.0,3182
0.0,3183
0.0,3184
0.0,3185
2.1280539939651835e-152,3186
0.0,3187
0.0,3188
0.0,3189
0.0,3190
0.0,3191
0.0,3192
0.0,3193
0.0,3194
0.0,3195
0.0,3196
1.440117018332323e-53,3197
0.0,3198
0.0,3199
0.8669936256120445,3200
1.2740530756933476e-242,3201
0.0,3202
0.0,3203
0.0,3204
7.254998759019707e-105,3205
0.0,3206
0.0,3207
0.0,3208
0.0,3209
0.0,3210
0.0,3211
0.0,3212
0.0,3213
0.0,3214
0.0,3215
0.6532326212295966,3216
0.0,3217
0.8618258601041311,3218
0.0,3219
0.0,3220
0.0,3221
2.5856620537980854e-120,3222
0.0,3223
0.0,3224
0.0,3225
0.0,3226
0.0,3227
0.0,3228
0.0,3229
0.0,3230
0.0,3231
0.0,3232
5.4367128711771056e-148,3233
0.0,3234
0.0,3235
0.0,3236
0.0,3237
0.0,3238
0.0,3239
0.0,3240
0.0,3241
0.0,3242
0.0,3243
0.0,3244
2.6723026036737483e-106,3245
0.0,3246
0.0,3247
2.508341442266472e-202,3248
0.0,3249
0.0,3250
4.898757248537343e-70,3251
0.0,3252
0.0,3253
0.0,3254
0.0,3255
0.0,3256
0.0,3257
6.101020920094591e-167,3258
0.0,3259
0.0,3260
0.0,3261
0.0,3262
1.811311636904712e-140,3263
0.0,3264
5.678348484340105e-232,3265
0.0,3266
0.0,3267
0.0,3268
0.0,3269
0.0,3270
0.5000781098764824,3271
0.0,3272
0.0,3273
0.0,3274
0.0,3275
0.0,3276
0.0,3277
6.654934460144275e-107,3278
0.0,3279
0.0,3280
0.0,3281
0.0,3282
0.0,3283
0.0,3284
0.0,3285
0.0,3286
0.0,3287
0.0,3288
3.788644367660593e-127,3289
2.9007020510210814e-48,3290
0.0,3291
0.0,3292
0.0,3293
0.0,3294
1.8258698497791313e-135,3295
0.0,3296
0.0,3297
0.0,3298
0.0,3299
0.0,3300
0.0,3301
0.0,3302
0.0,3303
9.445775109463758e-126,3304
0.0,3305
0.0,3306
0.0,3307
0.0,3308
0.0,3309
0.0,3310
0.0,3311
0.0,3312
0.0,3313
0.0,3314
0.0,3315
0.0,3316
0.0,3317
0.0,3318
4.396827654896835e-194,3319
0.0,3320
0.0,3321
0.0,3322
0.0,3323
0.0,3324
0.0,3325
0.0,3326
0.0,3327
0.0,3328
0.0,3329
0.0,3330
9.619472451707529e-123,3331
0.0,3332
0.0,3333
0.0,3334
0.0,3335
0.0,3336
0.0,3337
0.0,3338
0.0,3339
0.0,3340
0.0,3341
0.0,3342
0.0,3343
0.0,3344
0.0,3345
0.0,3346
0.0,3347
0.0,3348
0.0,3349
0.0,3350
0.0,3351
0.0,3352
0.0,3353
0.8618258601041311,3354
9.915148634779879e-225,3355
0.0,3356
0.0,3357
0.0,3358
0.0,3359
0.0,3360
1.2888125273062905e-143,3361
0.0,3362
0.0,3363
0.0,3364
0.0,3365
2.7421082377045055e-146,3366
0.0,3367
0.0,3368
0.0,3369
0.0,3370
0.0,3371
0.0,3372
0.0,3373
0.0,3374
0.0,3375
0.0,3376
0.0,3377
0.0,3378
0.0,3379
0.0,3380
0.0,3381
0.0,3382
0.0,3383
0.0,3384
7.260343212663756e-196,3385
7.392760779512624e-218,3386
0.0,3387
0.0,3388
0.0,3389
0.0,3390
0.0,3391
0.0,3392
0.0,3393
0.0,3394
0.0,3395
0.0,3396
0.0,3397
0.0,3398
0.0,3399
0.0,3400
0.0,3401
0.0,3402
0.0,3403
8.749535972006876e-95,3404
0.0,3405
8.908310280205399e-151,3406
0.0,3407
0.0,3408
4.346306679136445e-170,3409
9.39746075137902e-96,3410
0.0,3411
1.0514132892153433e-135,3412
0.0,3413
0.0,3414
0.0,3415
0.0,3416
0.0,3417
0.0,3418
0.0,3419
3.780801727069983e-109,3420
0.0,3421
0.0,3422
0.0,3423
0.0,3424
0.0,3425
0.0,3426
0.0,3427
0.0,3428
0.0,3429
0.0,3430
0.0,3431
1.0849604281030505e-79,3432
0.0,3433
0.0,3434
0.0,3435
0.0,3436
1.0,3437
1.0,3438
1.0,3439
1.0,3440
1.0,3441
1.0,3442
1.0,3443
1.0,3444
1.0,3445
1.0,3446
1.0,3447
1.0,3448
1.0,3449
1.0,3450
1.0,3451
1.0,3452
1.0,3453
1.0,3454
1.0,3455
1.0,3456
1.0,3457
1.0,3458
1.0,3459
1.0,3460
1.0,3461
1.0,3462
1.0,3463
1.0,3464
0.09464474191418586,3465
1.0,3466
1.0,3467
1.0,3468
1.0,3469
1.0,3470
1.0,3471
1.0,3472
1.0,3473
1.0,3474
1.0,3475
0.16296570927275023,3476
1.0,3477
1.0,3478
1.0,3479
1.0,3480
1.0,3481
1.0,3482
1.0,3483
1.0,3484
1.0,3485
1.0,3486
0.9999991854161066,3487
1.0,3488
1.0,3489
1.0,3490
1.0,3491
1.0,3492
1.0,3493
1.0,3494
1.0,3495
1.0,3496
1.0,3497
1.0,3498
1.0,3499
1.0,3500
1.0,3501
1.0,3502
1.0,3503
1.0,3504
1.0,3505
1.0,3506
1.0,3507
1.0,3508
1.0,3509
1.0,3510
1.0,3511
1.0,3512
1.0,3513
1.0,3514
1.0,3515
1.0,3516
1.0,3517
1.0,3518
0.16921464248594234,3519
1.0,3520
1.0,3521
1.0,3522
1.0,3523
1.0,3524
1.0,3525
1.0,3526
1.0,3527
1.0,3528
1.0,3529
1.0,3530
1.0,3531
1.0,3532
1.0,3533
1.0,3534
1.0,3535
1.0,3536
1.0,3537
1.0,3538
1.0,3539
1.0,3540
1.0,3541
1.0,3542
1.0,3543
1.0,3544
1.0,3545
1.0,3546
1.0,3547
1.0,3548
1.0,3549
1.0,3550
1.0,3551
1.0,3552
1.0,3553
1.0,3554
1.0,3555
1.0,3556
1.0,3557
1.0,3558
1.0,3559
1.0,3560
1.0,3561
1.0,3562
1.0,3563
1.0,3564
1.0,3565
1.0,3566
1.0,3567
1.0,3568
1.0,3569
1.0,3570
0.09072340141498252,3571
1.0,3572
1.0,3573
1.0,3574
1.0,3575
1.0,3576
1.0,3577
1.0,3578
0.09464474191418586,3579
1.0,3580
1.0,3581
1.0,3582
1.0,3583
1.0,3584
1.0,3585
1.0,3586
1.0,3587
1.0,3588
1.0,3589
1.0,3590
1.0,3591
1.0,3592
1.0,3593
1.0,3594
1.0,3595
1.0,3596
1.0,3597
1.0,3598
1.0,3599
1.0,3600
1.0,3601
1.0,3602
1.0,3603
1.0,3604
1.0,3605
1.0,3606
1.0,3607
1.0,3608
1.0,3609
1.0,3610
1.0,3611
1.0,3612
1.0,3613
1.0,3614
1.0,3615
1.0,3616
1.0,3617
1.0,3618
1.0,3619
1.0,3620
1.0,3621
1.0,3622
1.0,3623
1.0,3624
1.0,3625
1.0,3626
1.0,3627
1.0,3628
1.0,3629
1.0,3630
1.0,3631
1.0,3632
1.0,3633
1.0,3634
1.0,3635
1.0,3636
1.0,3637
1.0,3638
1.0,3639
1.0,3640
1.0,3641
1.0,3642
1.0,3643
1.0,3644
1.0,3645
1.0,3646
1.0,3647
1.0,3648
1.0,3649
1.0,3650
1.0,3651
1.0,3652
1.0,3653
1.0,3654
1.0,3655
1.0,3656
1.0,3657
1.0,3658
1.0,3659
1.0,3660
1.0,3661
1.0,3662
1.0,3663
1.0,3664
1.0,3665
1.0,3666
1.0,3667
1.0,3668
1.0,3669
1.0,3670
1.0,3671
1.0,3672
1.0,3673
1.0,3674
0.08927562578965768,3675
1.0,3676
1.0,3677
1.0,3678
1.0,3679
1.0,3680
1.0,3681
1.0,3682
1.0,3683
1.0,3684
1.0,3685
1.0,3686
1.0,3687
1.0,3688
1.0,3689
1.0,3690
1.0,3691
1.0,3692
1.0,3693
1.0,3694
1.0,3695
1.0,3696
1.0,3697
1.0,3698
1.0,3699
1.0,3700
0.08768901239341402,3701
1.0,3702
1.0,3703
1.0,3704
1.0,3705
1.0,3706
1.0,3707
0.10293071231222982,3708
1.0,3709
1.0,3710
1.0,3711
1.0,3712
1.0,3713
1.0,3714
1.0,3715
1.0,3716
1.0,3717
1.0,3718
1.0,3719
1.0,3720
1.0,3721
1.0,3722
0.9870083426958027,3723
1.0,3724
1.0,3725
1.0,3726
1.0,3727
1.0,3728
1.0,3729
1.0,3730
1.0,3731
1.0,3732
1.0,3733
1.0,3734
1.0,3735
1.0,3736
1.0,3737
1.0,3738
1.0,3739
1.0,3740
1.0,3741
1.0,3742
1.0,3743
1.0,3744
1.0,3745
1.0,3746
1.0,3747
1.0,3748
1.0,3749
1.0,3750
1.0,3751
1.0,3752
1.0,3753
1.0,3754
1.0,3755
1.0,3756
0.08858630674154584,3757
1.0,3758
0.22358966857831988,3759
1.0,3760
1.0,3761
1.0,3762
1.0,3763
1.0,3764
1.0,3765
1.0,3766
1.0,3767
1.0,3768
1.0,3769
1.0,3770
1.0,3771
1.0,3772
1.0,3773
0.08526484805531932,3774
1.0,3775
1.0,3776
1.0,3777
1.0,3778
1.0,3779
1.0,3780
1.0,3781
1.0,3782
1.0,3783
1.0,3784
1.0,3785
1.0,3786
1.0,3787
1.0,3788
1.0,3789
1.0,3790
1.0,3791
1.0,3792
1.0,3793
1.0,3794
1.0,3795
1.0,3796
1.0,3797
1.0,3798
1.0,3799
1.0,3800
1.0,3801
1.0,3802
1.0,3803
1.0,3804
1.0,3805
1.0,3806
1.0,3807
1.0,3808
1.0,3809
1.0,3810
1.0,3811
1.0,3812
1.0,3813
1.0,3814
1.0,3815
1.0,3816
1.0,3817
1.0,3818
1.0,3819
1.0,3820
1.0,3821
1.0,3822
1.0,3823
1.0,3824
1.0,3825
1.0,3826
1.0,3827
1.0,3828
1.0,3829
1.0,3830
1.0,3831
1.0,3832
1.0,3833
1.0,3834
1.0,3835
0.3085794499350425,3836
0.16921464248594234,3837
1.0,3838
1.0,3839
1.0,3840
1.0,3841
1.0,3842
1.0,3843
1.0,3844
1.0,3845
1.0,3846
1.0,3847
1.0,3848
1.0,3849
1.0,3850
1.0,3851
1.0,3852
1.0,3853
1.0,3854
1.0,3855
1.0,3856
1.0,3857
1.0,3858
1.0,3859
1.0,3860
1.0,3861
1.0,3862
1.0,3863
1.0,3864
1.0,3865
1.0,3866
1.0,3867
1.0,3868
1.0,3869
1.0,3870
1.0,3871
1.0,3872
1.0,3873
1.0,3874
1.0,3875
1.0,3876
1.0,3877
1.0,3878
1.0,3879
1.0,3880
1.0,3881
1.0,3882
1.0,3883
1.0,3884
1.0,3885
1.0,3886
1.0,3887
1.0,3888
1.0,3889
1.0,3890
1.0,3891
1.0,3892
1.0,3893
1.0,3894
1.0,3895
1.0,3896
1.0,3897
1.0,3898
0.1754305629619125,3899
1.0,3900
1.0,3901
1.0,3902
1.0,3903
1.0,3904
1.0,3905
1.0,3906
1.0,3907
1.0,3908
1.0,3909
0.3211737518254796,3910
1.0,3911
1.0,3912
1.0,3913
1.0,3914
1.0,3915
1.0,3916
1.0,3917
0.7406317148410818,3918
1.0,3919
1.0,3920
1.0,3921
1.0,3922
1.0,3923
1.0,3924
1.0,3925
1.0,3926
1.0,3927
1.0,3928
1.0,3929
1.0,3930
1.0,3931
1.0,3932
1.0,3933
1.0,3934
1.0,3935
1.0,3936
1.0,3937
1.0,3938
1.0,3939
1.0,3940
1.0,3941
1.0,3942
1.0,3943
1.0,3944
1.0,3945
1.0,3946
1.0,3947
1.0,3948
1.0,3949
1.0,3950
1.0,3951
1.0,3952
1.0,3953
1.0,3954
1.0,3955
1.0,3956
0.15972123586244566,3957
1.0,3958
1.0,3959
1.0,3960
0.9671522267495866,3961
1.0,3962
1.0,3963
1.0,3964
0.30311021964333607,3965
1.0,3966
1.0,3967
1.0,3968
1.0,3969
1.0,3970
1.0,3971
1.0,3972
1.0,3973
1.0,3974
0.1029072535978039,3975
1.0,3976
1.0,3977
1.0,3978
1.0,3979
0.0,3980
0.0,3981
0.0,3982
0.0,3983
0.0,3984
0.0,3985
0.0,3986
0.0,3987
0.0,3988
0.0,3989
0.0,3990
0.0,3991
0.0,3992
0.0,3993
0.0,3994
0.0,3995
0.0,3996
0.0,3997
0.0,3998
0.0,3999
0.0,4000
0.0,4001
0.0,4002
0.0,4003
0.0,4004
0.0,4005
0.0,4006
0.0,4007
0.0,4008
0.0,4009
0.0,4010
0.0,4011
0.0,4012
0.0,4013
0.0,4014
0.0,4015
0.0,4016
0.0,4017
0.0,4018
0.0,4019
0.0,4020
0.0,4021
0.0,4022
0.0,4023
0.0,4024
0.0,4025
0.0,4026
0.0,4027
0.0,4028
0.0,4029
0.0,4030
0.0,4031
0.0,4032
0.0,4033
0.0,4034
0.0,4035
0.0,4036
0.0,4037
0.0,4038
